"var","centr","scale"
"Area_km",-2.75767403379719,6.85843012986357
"Tree_dens",10.9098028444947,1.26678670925264
"min_DBH",6.46474042027194,4.55891692462698
"GPP",20090.4611866502,8770.30430710432
"ET",10627.6421589244,5378.55527222696
"ANN_T",19.2140562422744,8.27455642584265
"WARM_T",23.4813720642769,4.9352975719501
"ISO_T",58.3781891223733,21.5623871880086
"MIN_P",182.797021013597,164.165632599906
"P_SEAS",52.7676143386897,31.8998638327621
"ALT_DIF",540.330037082818,1179.78398695752
