"var","centr","scale"
"Area_km",-2.75465359445256,6.85887301398111
"Tree_dens",10.9097794035067,1.26736507071597
"min_DBH",6.46626468769326,4.55991482020452
"GPP",20100.5369202226,8766.64970794718
"ET",10633.3357633886,5376.37445413961
"ANN_T",19.2329270253556,8.24975591625835
"WARM_T",23.4879777365492,4.92868127026494
"ISO_T",58.4031601731602,21.5503236283089
"MIN_P",182.91254174397,164.162910382736
"P_SEAS",52.7866419294991,31.8567346314288
"ALT_DIF",541.120593692022,1179.97085661177
