"var","centr","scale"
"Area_km",-3.31212773431426,6.19729522978616
"Tree_dens",10.7593890539433,1.18090180864044
"min_DBH",7.43724981467754,4.35128487255727
"GPP",20069.0121052632,8828.73453256952
"ET",10586.3301708079,5452.58043031475
"ANN_T",19.301890289103,8.44996517014589
"WARM_T",23.5225203854707,5.07838821648818
"ISO_T",58.1830467012602,21.6209738156595
"MIN_P",184.4,163.727781141918
"P_SEAS",52.7342179392142,32.8652524141567
"ALT_DIF",490.627131208302,1172.79406461125
